{
  "hash": "4bc50600",
  "configHash": "db75499b",
  "lockfileHash": "4469fd18",
  "browserHash": "fc659653",
  "optimized": {
    "@angular/common": {
      "src": "../../../../../../node_modules/@angular/common/fesm2022/common.mjs",
      "file": "@angular_common.js",
      "fileHash": "632a9075",
      "needsInterop": false
    },
    "@angular/common/http": {
      "src": "../../../../../../node_modules/@angular/common/fesm2022/http.mjs",
      "file": "@angular_common_http.js",
      "fileHash": "ed36f882",
      "needsInterop": false
    },
    "@angular/core": {
      "src": "../../../../../../node_modules/@angular/core/fesm2022/core.mjs",
      "file": "@angular_core.js",
      "fileHash": "8f234157",
      "needsInterop": false
    },
    "@angular/forms": {
      "src": "../../../../../../node_modules/@angular/forms/fesm2022/forms.mjs",
      "file": "@angular_forms.js",
      "fileHash": "3c402f8f",
      "needsInterop": false
    },
    "@angular/platform-browser": {
      "src": "../../../../../../node_modules/@angular/platform-browser/fesm2022/platform-browser.mjs",
      "file": "@angular_platform-browser.js",
      "fileHash": "e92ff2e5",
      "needsInterop": false
    },
    "zone.js": {
      "src": "../../../../../../node_modules/zone.js/fesm2015/zone.js",
      "file": "zone__js.js",
      "fileHash": "453eaaae",
      "needsInterop": true
    }
  },
  "chunks": {
    "chunk-R7JMTYKQ": {
      "file": "chunk-R7JMTYKQ.js"
    },
    "chunk-YX6EICO3": {
      "file": "chunk-YX6EICO3.js"
    },
    "chunk-CBAS7KCW": {
      "file": "chunk-CBAS7KCW.js"
    },
    "chunk-7MYTMLHA": {
      "file": "chunk-7MYTMLHA.js"
    },
    "chunk-WDMUDEB6": {
      "file": "chunk-WDMUDEB6.js"
    }
  }
}