{
  "hash": "518a864e",
  "configHash": "e86021f1",
  "lockfileHash": "4469fd18",
  "browserHash": "0fac1eee",
  "optimized": {
    "@angular/common": {
      "src": "../../../../../../node_modules/@angular/common/fesm2022/common.mjs",
      "file": "@angular_common.js",
      "fileHash": "f9f52f07",
      "needsInterop": false
    },
    "@angular/common/http": {
      "src": "../../../../../../node_modules/@angular/common/fesm2022/http.mjs",
      "file": "@angular_common_http.js",
      "fileHash": "81afcfab",
      "needsInterop": false
    },
    "@angular/core": {
      "src": "../../../../../../node_modules/@angular/core/fesm2022/core.mjs",
      "file": "@angular_core.js",
      "fileHash": "546c5e46",
      "needsInterop": false
    },
    "@angular/forms": {
      "src": "../../../../../../node_modules/@angular/forms/fesm2022/forms.mjs",
      "file": "@angular_forms.js",
      "fileHash": "6d1e413c",
      "needsInterop": false
    },
    "@angular/platform-browser": {
      "src": "../../../../../../node_modules/@angular/platform-browser/fesm2022/platform-browser.mjs",
      "file": "@angular_platform-browser.js",
      "fileHash": "6a6b3af5",
      "needsInterop": false
    },
    "zone.js": {
      "src": "../../../../../../node_modules/zone.js/fesm2015/zone.js",
      "file": "zone__js.js",
      "fileHash": "64665480",
      "needsInterop": true
    }
  },
  "chunks": {
    "chunk-YX6EICO3": {
      "file": "chunk-YX6EICO3.js"
    },
    "chunk-R7JMTYKQ": {
      "file": "chunk-R7JMTYKQ.js"
    },
    "chunk-CBAS7KCW": {
      "file": "chunk-CBAS7KCW.js"
    },
    "chunk-7MYTMLHA": {
      "file": "chunk-7MYTMLHA.js"
    },
    "chunk-WDMUDEB6": {
      "file": "chunk-WDMUDEB6.js"
    }
  }
}